{
    "loss": 2.8721365928649902,
    "accuracy": 0.9208633303642273
}