{
    "loss": 9.723678588867188,
    "accuracy": 0.5467625856399536
}